text,text_cleaned_full,manual,manual_pred,manual_pred_conf,manual_filled
"""mayi minta"" ð«´",mayi minta,,negatif,0.4038404856224251,negatif
itu pengasuhnya kamari yang dulu kemana sih kalo boleh tau?udah jarang keliatan,pengasuhnya kamari dulu kemana kalo boleh tauudah jarang keliatan,,negatif,0.3650536229619381,negatif
siapa yang motong poni kamari ko agak miring dikitð¤,siapa motong poni kamari ko agak miring dikit,,negatif,0.6511469172864952,negatif
poni nya kapan tumbuh lagi mayi lama bgt dah perasaan tumbuh nya ð¥²,poni nya kapan tumbuh lagi mayi lama dah perasaan tumbuh nya,,negatif,0.6853533653215863,negatif
"maap jen, tp cantikan mayi ðð­",maap jen cantikan mayi,,negatif,0.3926576938490194,negatif
"""pake beda"" ð­",pake beda,,negatif,0.4049871742697192,negatif
Sebelum ribuan,sebelum ribuan,,negatif,0.35118057595058927,negatif
absen sebulum ribuan,absen sebulum ribuan,,negatif,0.35118057595058927,negatif
Spill bajunya jen,spill bajunya jen,,negatif,0.5604986570512293,negatif
oh mayi dari barista ganti profesi ya jadi MUA,oh mayi barista ganti profesi mua,,negatif,0.3828914488534586,negatif
kamari ini bukan putih weh tapi pinkð­ð­ð¤£,kamari bukan putih tapi pink,,positif,0.39500751918265026,positif
LUCU BGT ADEKK ð¥ºð¥º,lucu adekk,,positif,0.8009259485515989,positif
kamari: cantik kannn,kamari cantik kannn,,positif,0.7967475682892425,positif
kamari : im just a girl ð§ð»ââ,kamari im just girl,,positif,0.5371138411781269,positif
lucuuu bangett,lucuuu bangett,,positif,0.46670729923417853,positif
Mayi â mayi mintak â lucukk bgt sih,mayi mayi mintak lucukk,,positif,0.4552240493376556,positif
jangan takut dess ada mayiiið,jangan takut dess mayiii,,positif,0.5139318091581316,positif
bayi stroberi dia kak,bayi stroberi kak,,netral,0.5837537285691411,netral
Kakk inget âyang mungkin anda kenalâ bukan âyang mungkin kenal andaâð­,kakk inget mungkin anda kenal bukan mungkin kenal anda,,netral,0.4210836768606569,netral
kek nya tone kulit jen udah mulai balik putih lagi deh,kek nya tone kulit jen mulai balik putih lagi,,negatif,0.4544357378150313,negatif
Iya jen tuh sukanya item tpi kulit aslinya putihð¤£,iya jen tuh sukanya item tpi kulit aslinya putih,,negatif,0.48486893026106864,negatif
Bagus gk gays alis aku ð­ð­,bagus gk gays alis,,positif,0.5073038561181288,positif
lucu bangetð­ð­ð¤ð»,lucu,,positif,0.8009259485515989,positif
aaaaa mayiii udaa pinter bgt yaa sekarang ð¥ºð¥º,aaaaa mayiii udaa pinter sekarang,,positif,0.5451410661730713,positif
"bikin lagi aja Jen, mayi buat gue",bikin lagi jen mayi buat gue,,negatif,0.38463285514392104,negatif
pls bagian itu sweet bangetð¥º,bagian sweet,,negatif,0.35118057595058927,negatif
Gabakal ad yg berani potong poni mayi sampe kek gt klo bukan emak nya ðð,gabakal ad berani potong poni mayi sampe kek gt bukan emak nya,,negatif,0.6186079152055658,negatif
"kak ijin koreksi, lailahailallah yg bener, jngn di ptong nnti beda arti",kak ijin koreksi lailahailallah bener jngn ptong nnti beda arti,,negatif,0.42963507099097364,negatif
yailah pirang udah bjsa diajak dandanð­ð­ð­ð¤ð»,yailah pirang bjsa diajak dandan,,netral,0.3969730825129201,netral
Poni awetttt bener mayiið,poni awetttt bener mayii,,negatif,0.4871464038034239,negatif
"""PAKE BEDDA""
Ihhhh lucu naaaaa mayiii kuu""ð¤ð»ð­",pake bedda ihhhh lucu naaaaa mayiii kuu,,positif,0.632451351476813,positif
'mayi minta' gemes bgt adeeð¥ºð,mayi minta gemes adee,,positif,0.47810057791988775,positif
mamariii tuu aslinya putihh yaað­,mamariii tuu aslinya putihh,,negatif,0.35118057595058927,negatif
âmayi mintakâ lucu bgt mayið¥°ð,mayi mintak lucu mayi,,positif,0.7012461443927708,positif
ihh lucu banget kamari ð­,ihh lucu kamari,,positif,0.8140367200670979,positif
"terngiang-ngiang "" jangan takut ada mayyiiiii""",terngiangngiang jangan takut mayyiiiii,,negatif,0.35118057595058927,negatif
KO UDA GEDE AJAA SIIIII ADEKKKð¥ºð¥ºðð,ko gede ajaa siiiii adekkk,,positif,0.507976915772831,positif
siapapun mmpir vt ku dongs,siapapun mmpir vt ku dongs,,negatif,0.35118057595058927,negatif
"ihhh, sekarang kamari gembul bgt jadi lucuuuu",ihhh sekarang kamari gembul lucuuuu,,positif,0.3527310774141286,positif
Mayi catik kan?ð¤ð»ð¤ð»,mayi catik,,positif,0.4552240493376556,positif
"yaallah poni nyaa, mengingatkan ku waktu motong rambut Berbie pas masih kecil ð­ð¤£",yaallah poni nyaa mengingatkan ku waktu motong rambut berbie pas masih kecil,,netral,0.452502742248354,netral
hy kamariâ¤ï¸â¤ï¸â¤,hy kamari,,positif,0.5371138411781269,positif
ehhh mayiii lucuu bgttðððð,ehhh mayiii lucuu bgtt,,positif,0.6289215379488547,positif
lucu bgtttt ciiiiiii yampun nanti aku sma ank aku mau kaya gini jgaaað¥°,lucu bgtttt ciiiiiii yampun nanti sma ank mau kaya gini jgaaa,,positif,0.5151109011120734,positif
Mayii yaampun makin capetang aja alias udah jago ngomongð­ðâ¤â¤â¤,mayii makin capetang alias jago ngomong,,positif,0.6807537226276116,positif
gemes bgt nyanyi ðlucucu,gemes nyanyi lucucu,,positif,0.4833854602361505,positif
poni mu mari plissssð­,poni mu mari plissss,,negatif,0.47614810486232706,negatif
itu poninya sarimi lu apain jenð­,poninya sarimi lu apain jen,,negatif,0.7984072552222652,negatif
lucu banget mayi ð,lucu mayi,,positif,0.7825048827378934,positif
mayii km sadar ga kalo km gemesin ð,mayii km sadar kalo km gemesin,,negatif,0.44967748900046833,negatif
lailahailallah gemeshnyaðð,lailahailallah gemeshnya,,negatif,0.35118057595058927,negatif
cantik naturalll lucuuuu imutt kayaa kaka sama adik[drool],cantik naturalll lucuuuu imutt kayaa kaka sama adikdrool,,positif,0.4650855096630416,positif
ka jen kalo bales aku jungkir balikk dehð¥°ð,ka jen kalo bales jungkir balikk,,negatif,0.5980545131257673,negatif
blonde otw jadi mua omg so cute!ðð,blonde otw mua so cute,,netral,0.4485181053564601,netral
DWAAAAA TAONNNNNNNNâº,dwaaaaa taonnnnnnnn,,negatif,0.35118057595058927,negatif
iya ngikutin jejak gua kanðð»,iya ngikutin jejak gua,,netral,0.4874143649636945,netral
poninyaaa imuttt btw kokk cropt toppð­ð­ð­ tapi tetep lucuu koo,poninyaaa imuttt kokk cropt topp tapi tetep lucuu koo,,positif,0.4593291960246585,positif
poni gitu aja dah cakep benerð¥°,poni dah cakep bener,,negatif,0.5575823860695449,negatif
masih ngakak poni kamarið­ð­ð­ð­ð­,masih ngakak poni kamari,,negatif,0.44843564987348306,negatif
GEMESS BGT ADEK,gemess adek,,positif,0.518274824758624,positif
mayiii kamu lucuuu,mayiii lucuuu,,positif,0.5139318091581316,positif
omgg dia makin besar makin pinterrð¥ºðð­,omgg makin besar makin pinterr,,positif,0.6655903549747482,positif
lucu banget mayi nya kak bisa di beli ga soalnya lucu bangetð¥°ð¥°ð¥°,lucu mayi nya kak bisa soalnya lucu,,positif,0.5752277540321574,positif
LUCU AMAYY MAYIIðð¥°ð¥°,lucu amayy mayii,,positif,0.7978930110456237,positif
gemesss bngtt ihð­,gemesss bngtt ih,,positif,0.48373963176272883,positif
mayiii gmes bgttsð­ð­ð¤ð»,mayiii gmes bgtts,,positif,0.5139318091581316,positif
timephoria memang sebagus itu,timephoria memang sebagus,,negatif,0.3889305165694355,negatif
kangen kamari waktu muda,kangen kamari waktu muda,,positif,0.5371138411781269,positif
"yaampun beruntungnya kamu jen punya kamari, masih ada kamari yang akan selalu ada disisimu dalam keadaan apapun nantinya Insya Allah jennnð¥ºð¤ bersyukur terus ya jennn bahagia selalu kaliann, selalu ngerasa seneng liat kalian kayak saling melengkapii, lucuuu hahahah",beruntungnya jen punya kamari masih kamari selalu disisimu keadaan apapun nantinya insya allah jennn bersyukur terus jennn bahagia selalu kaliann selalu ngerasa seneng liat kalian kayak saling melengkapii lucuuu hahahah,,positif,0.4235734029920284,positif
pastiii mayiii wangiiiii bangetttttðððððð¤­ð¤­ð¤­,pastiii mayiii wangiiiii bangettttt,,positif,0.5139318091581316,positif
til lu doang yg nyari shade lebih gelap dari kulit. disaat gue nyari yg lebih terang uhuhuhuhu,til lu doang nyari shade lebih gelap kulit disaat gue nyari lebih terang uhuhuhuhu,,negatif,0.4566539690969994,negatif
"""mayi mita"" CUU BANGETTT LU BAYII BLONDEE OMAYGATTTTð¥°ð¥°ð¥°",mayi mita cuu bangettt lu bayii blondee omaygatttt,,positif,0.42605233165464224,positif
mayi siapa yang bertanggung jawab atas ponimu.ð­ð­,mayi siapa bertanggung jawab atas ponimu,,negatif,0.4768408631517617,negatif
NGAKAK BGT TIAP LIAT PONI CROP TOP MAYIIð­,ngakak tiap liat poni crop top mayii,,netral,0.5105173328555146,netral
Blonde ni mukanya netherland banget ya,blonde ni mukanya netherland,,netral,0.650197753851484,netral
mkin besar mirip ppanya bgtð¥°,mkin besar mirip ppanya,,negatif,0.35118057595058927,negatif
ðð Makin lucu ðð,makin lucu,,positif,0.8486482098691707,positif
"""mayi tantick kan"" lucuuu",mayi tantick lucuuu,,positif,0.4552240493376556,positif
sumpah tetanggaku mirip kamari bgtð­ð­,sumpah tetanggaku mirip kamari,,positif,0.5371138411781269,positif
lucuu bgtt mayiiið¥°,lucuu bgtt mayiii,,positif,0.6289215379488547,positif
lucunya mayiið,lucunya mayii,,positif,0.5550110893011128,positif
lucuu polll,lucuu polll,,positif,0.4593291960246585,positif
Pas said Bedak ny medok bgt â¤ï¸ð¥°masyaAllah Mayi dah gede,pas said bedak ny medok masyaallah mayi dah gede,,negatif,0.45126423939098453,negatif
ih ucu bgt dedekkðð,ih ucu dedekk,,netral,0.5417065214856139,netral
lucu banget adekkð¤ð»,lucu adekk,,positif,0.8009259485515989,positif
poni crop top nya lucuu bgtttð»ð¤ð»,poni crop top nya lucuu bgttt,,netral,0.5242956013812284,netral
"bocil paling lucu,dah mahir ngomong ð¤",bocil paling lucudah mahir ngomong,,positif,0.39161308031909403,positif
makin gede makin pintar aja bayi yang satu inið­ð¤ð»,makin gede makin pintar bayi satu,,positif,0.6655903549747482,positif
"""mayi tantik kann "" ya Alloh gemes nya ð­ð¥º",mayi tantik kann alloh gemes nya,,positif,0.39870655444843744,positif
kulit lu jadi naturalðjadi pengen,kulit lu naturaljadi pengen,,negatif,0.5396973750406749,negatif
AAHHHKK GEMAS SEKALI ADEð,aahhhkk gemas sekali ade,,negatif,0.35118057595058927,negatif
lucuu bangett kamayiið¤ð«,lucuu bangett kamayii,,positif,0.5238598310401776,positif
si Marsha uda gede aja ð­,si marsha gede,,negatif,0.507894367362987,negatif
pinter bngt mayiiið¥°,pinter bngt mayiii,,positif,0.6705462476237519,positif
aaaakkkk lucu banget mayiii,aaaakkkk lucu mayiii,,positif,0.7656505155370149,positif
ditunggu video unboxing nya kaaað¥³,ditunggu video unboxing nya kaaa,,negatif,0.6368655023164013,negatif
mayi mintað¤,mayi minta,,negatif,0.4038404856224251,negatif
so cutee mayii,so cutee mayii,,positif,0.5550110893011128,positif
iii gemess,iii gemess,,negatif,0.35118057595058927,negatif
"mayi mau gmna pun ttep lucu, poninya begitu aja masi kliatan lucuð­",mayi mau gmna pun ttep lucu poninya begitu masi kliatan lucu,,positif,0.5270241078721678,positif
âmayi cantik kan?â CANTIK KO MAYIIð¤ð»ð¤ð»ðµðµ,mayi cantik cantik ko mayii,,positif,0.8402863201757294,positif
YAAAELAAHHH UDHH GEDEEE BGTTð­ð­ð­,yaaaelaahhh udhh gedeee bgtt,,positif,0.526999327726116,positif
Tambah lucu aja bayi bule satu ini ð,tambah lucu bayi bule satu,,positif,0.5399050899509057,positif
Adek mayi mau punya adek lgi ga,adek mayi mau punya adek lgi,,positif,0.40296203888094234,positif
Lucu sekali kamayiðð,lucu sekali kamayi,,positif,0.8009259485515989,positif
"""mayi cantik kan?!""",mayi cantik,,positif,0.769421956716592,positif
akayyð¤£ð¤£ð¥°ð¥°ð¥° gemes,akayy gemes,,positif,0.4833854602361505,positif
HEH ITU S PIRANG NGAPAIN TAP TAP CUSHION ð­,heh pirang ngapain tap tap cushion,,netral,0.41619943732665843,netral
Soldout,soldout,,negatif,0.35118057595058927,negatif
"""mayi mintak"" ð­ð¤ð»",mayi mintak,,positif,0.4552240493376556,positif
LAILAHAILALLAH ð­ð­ð­,lailahailallah,,negatif,0.35118057595058927,negatif
ngapainnn mayiið­ð­ð­ð­,ngapainnn mayii,,positif,0.5550110893011128,positif
,,,negatif,0.35118057595058927,negatif
YALLAH SEGARA PANJANGKAN PONI KAMARIðð¤²ð»,yallah segara panjangkan poni kamari,,negatif,0.4758578572038529,negatif
lucu bgt si pirangð©,lucu si pirang,,positif,0.6041331044041773,positif
bayikk bikin alissð­ð­,bayikk bikin aliss,,negatif,0.35118057595058927,negatif
aelahhhhhh yok mar ikuttttttt,aelahhhhhh mar ikuttttttt,,negatif,0.35118057595058927,negatif
ð­,,,negatif,0.35118057595058927,negatif
"""mayi minta""",mayi minta,,negatif,0.4038404856224251,negatif
aaarrgghhh mayiiiðð,aaarrgghhh mayiii,,positif,0.5139318091581316,positif
poninya lama bgttt tumbuhnyaaað­ð­,poninya lama bgttt tumbuhnyaaa,,negatif,0.6128033185223373,negatif
"""mau bantu mama mikaaap""ð­ð¤£ð¤£ marr gemes bgtð¥°ð¤£",mau bantu mama mikaaap marr gemes,,netral,0.36702286340892015,netral
mayi mintaaa ð,mayi mintaaa,,positif,0.4552240493376556,positif
yaampun lucu bet poni crop top ituð£ð­,lucu bet poni crop top,,netral,0.5560112755843617,netral
lucu banget mayi nya ðð¤ð¼,lucu mayi nya,,positif,0.5970766312471824,positif
kamari kamu itu udh putih ð­ð­,kamari putih,,positif,0.4018411268511037,positif
cara mengeluarkan kamari dari layarð­,cara mengeluarkan kamari layar,,positif,0.5371138411781269,positif
Poni nya makin naikkð­,poni nya makin naikk,,negatif,0.5026487011326738,negatif
ihhh mayiiku lucu bgtð¤­,ihhh mayiiku lucu,,positif,0.8009259485515989,positif
"poninya kenapa gaaaa panjang"" ð­",poninya kenapa gaaaa panjang,,negatif,0.5037030456351949,negatif
ii,ii,,negatif,0.35118057595058927,negatif
ðð,,,negatif,0.35118057595058927,negatif
ð­ð­ð­,,,negatif,0.35118057595058927,negatif
blonde ga tuhð­ð­ð­,blonde tuh,,netral,0.650197753851484,netral
ð¤©,,,negatif,0.35118057595058927,negatif
ðððð,,,negatif,0.35118057595058927,negatif
ð­,,,negatif,0.35118057595058927,negatif
kakkð­ð­ð­,kakk,,negatif,0.35118057595058927,negatif
ð­,,,negatif,0.35118057595058927,negatif
ð¤£ð¤£ð¤£,,,negatif,0.35118057595058927,negatif
ð­,,,negatif,0.35118057595058927,negatif
ððð,,,negatif,0.35118057595058927,negatif
ð­,,,negatif,0.35118057595058927,negatif
"aku kira ""pake bedak""ððð¤­",kira pake bedak,,negatif,0.5049226634104597,negatif
cushionnya ada dibio ku no 1ð¥°n,cushionnya dibio ku no,,netral,0.4828882208954732,netral
bagian mana itu kak,bagian mana kak,,netral,0.5524673980092134,netral
lucu jir sumpahð­,lucu jir sumpah,,positif,0.8009259485515989,positif
Mmayiiið,mmayiii,,negatif,0.35118057595058927,negatif
mayi gk poudetion mukanya dah kek poundetion,mayi gk poudetion mukanya dah kek poundetion,,negatif,0.4125162857810214,negatif
lucuu banget yaa kakð­ð,lucuu kak,,netral,0.4369675313083478,netral
@ð®ðµðµð®ð²ð·ð¼ð¸ðªð»â¡,,,negatif,0.35118057595058927,negatif
dia sudah remajaðð,remaja,,negatif,0.35118057595058927,negatif
15 mnt,mnt,,negatif,0.35118057595058927,negatif
1jamð©,jam,,negatif,0.35118057595058927,negatif
14minnn,minnn,,negatif,0.35118057595058927,negatif
lucuuuuuð­,lucuuuuu,,negatif,0.35118057595058927,negatif
ð­ð­ð­ð,,,negatif,0.35118057595058927,negatif
ð,,,negatif,0.35118057595058927,negatif
@Lorita Enggong II,lorita enggong ii,,negatif,0.35118057595058927,negatif
cushionnya ada dibio ku no 1ð¥°e,cushionnya dibio ku no,,netral,0.4828882208954732,netral
ngakakððð,ngakak,,negatif,0.35118057595058927,negatif
orange,orange,,negatif,0.35118057595058927,negatif
pink gitu dia segerð¤£ð¤£,pink seger,,negatif,0.35118057595058927,negatif
T,,,negatif,0.35118057595058927,negatif
ð­ð­,,,negatif,0.35118057595058927,negatif
HAH?,hah,,negatif,0.35118057595058927,negatif
HAHAHAHA,hahahaha,,negatif,0.35118057595058927,negatif
ð­ð­,,,negatif,0.35118057595058927,negatif
Kakâ¹,kak,,netral,0.5837537285691411,netral
ð¿,,,negatif,0.35118057595058927,negatif
mana iya lagiið­,mana iya lagii,,netral,0.41450199113064984,netral
loh kamu juga? kirain cuma aku aja,kirain cuma,,netral,0.47528949666734227,netral
samaaa,samaaa,,negatif,0.35118057595058927,negatif
iyaa plis d aku juga gituð­,plis,,negatif,0.35118057595058927,negatif
sama plis,sama plis,,netral,0.6216195575165978,netral
samaaað­ð­,samaaa,,negatif,0.35118057595058927,negatif
Iyah ih aku juga gitu,iyah ih,,netral,0.5417065214856139,netral
sama kak ð,sama kak,,netral,0.7093159959460179,netral
SAMAAA,samaaa,,negatif,0.35118057595058927,negatif
bener bgtt,bener bgtt,,negatif,0.403383389561624,negatif
Ingat @Mamanya kamari,ingat mamanya kamari,,negatif,0.46967825724153145,negatif
(Ya Allah) bukan Yallah,allah bukan yallah,,positif,0.4822697196323336,positif
aahð­,aah,,negatif,0.35118057595058927,negatif
ð,,,negatif,0.35118057595058927,negatif
ðð,,,negatif,0.35118057595058927,negatif
ð­,,,negatif,0.35118057595058927,negatif
Mending co timephoria apa shine russia??,mending co timephoria apa shine russia,,netral,0.48908662273368886,netral
Makasih kak sarannyaa ð¤,kak sarannyaa,,netral,0.5837537285691411,netral
Makasih kak sarannya ð¤,kak sarannya,,netral,0.5837537285691411,netral
Bner yaaa???? Klo ku lot kering gmn???,bner yaaa ku lot kering gmn,,negatif,0.35118057595058927,negatif
emang kan j3n suka kulit agak gelap wkwk,emang jn suka kulit agak gelap,,positif,0.4177853123306382,positif
aku jg gtu tauð­nyamain sama warna tangan,gtu taunyamain sama warna tangan,,netral,0.39849976326384684,netral
KIRAIIN AK AJA YG GINIð­,kiraiin ak gini,,negatif,0.35118057595058927,negatif
emang dia suka yang tone gelap,emang suka tone gelap,,negatif,0.39090722149390733,negatif
ð³ðððððððððð,,,negatif,0.35118057595058927,negatif
heh,heh,,negatif,0.35118057595058927,negatif
cushionnya ada dibio ku no 1ð¥°i,cushionnya dibio ku no,,netral,0.4828882208954732,netral
mak nya anjirð­,mak nya,,negatif,0.5272946032825485,negatif
ð­ð­,,,negatif,0.35118057595058927,negatif
blonde gueeeeðð,blonde gueeee,,netral,0.650197753851484,netral
mayiiii,mayiiii,,negatif,0.35118057595058927,negatif
"""mintakkkk""",mintakkkk,,negatif,0.35118057595058927,negatif
kamari: ayu tenan aku rek,kamari ayu tenan rek,,positif,0.5371138411781269,positif
"""mayi minta"" ð¥°",mayi minta,,negatif,0.4038404856224251,negatif
"liat Jen â
liat kamari â",liat jen liat kamari,,positif,0.47626324885552684,positif
lucu bngett kamu kamari...gemesss amatt..ð¥°ð¥°ð¥°,lucu bngett kamarigemesss amatt,,positif,0.8009259485515989,positif
mayiii minta ð­ð¤£,mayiii minta,,positif,0.4650318990459611,positif
YAAMPUN ADIKKKK,adikkkk,,negatif,0.35118057595058927,negatif
boleh liat story gw gakðð,boleh liat story gw,,positif,0.5228134716103183,positif
@teni,teni,,negatif,0.35118057595058927,negatif
cushion nya di bioku no 1ð¥°ð¥°u,cushion nya bioku no,,netral,0.4476608746596102,netral
cushionnya ada dibio ku no 1ð¥°g,cushionnya dibio ku no,,netral,0.4828882208954732,netral
ðð¤£ð,,,negatif,0.35118057595058927,negatif
ðð¤£,,,negatif,0.35118057595058927,negatif
cushion nya di bioku no 1ð¥°ð¥°i,cushion nya bioku no,,netral,0.4476608746596102,netral
cushionnya ada dibio ku no 1ð¥°j,cushionnya dibio ku no,,netral,0.4828882208954732,netral
cushion nya di bioku no 1ð¥°ð¥°w,cushion nya bioku no,,netral,0.4476608746596102,netral
cushion nya di bioku no 1ð¥°e,cushion nya bioku no,,netral,0.4476608746596102,netral
cushion nya di bioku no 1ð¥°g,cushion nya bioku no,,netral,0.4476608746596102,netral
cushion nya di bioku no 1ð¥°i,cushion nya bioku no,,netral,0.4476608746596102,netral
cushion nya di bioku no 1ð¥°ð¥°j,cushion nya bioku no,,netral,0.4476608746596102,netral
cushion nya di bioku no 1ð¥°o,cushion nya bioku no,,netral,0.4476608746596102,netral
cushion nya di bioku no 1ð¥°h,cushion nya bioku no,,netral,0.4476608746596102,netral
ð¤£ð¤£,,,negatif,0.35118057595058927,negatif
cushionnya ada dibio ku no 1ð¥°y,cushionnya dibio ku no,,netral,0.4828882208954732,netral
ð­ð­,,,negatif,0.35118057595058927,negatif
ð»,,,negatif,0.35118057595058927,negatif
LAILAHAILLAH ð­,lailahaillah,,negatif,0.35118057595058927,negatif
IYAA KAKK MAKSDNYA ITUð­,kakk maksdnya,,negatif,0.35118057595058927,negatif
cushionnya ada dibio ku no 1ð¥°ð¥°i,cushionnya dibio ku no,,netral,0.4828882208954732,netral
Timephoria,timephoria,,negatif,0.3889305165694355,negatif
cushion nya di bioku no 1ð¥°ð¥°h,cushion nya bioku no,,netral,0.4476608746596102,netral
sama jirrð­ð,sama jirr,,netral,0.6216195575165978,netral
Sama kaððð,sama ka,,netral,0.6216195575165978,netral
iyaaað­,iyaaa,,negatif,0.35118057595058927,negatif
samað,sama,,netral,0.6216195575165978,netral
sama,sama,,netral,0.6216195575165978,netral
ð,,,negatif,0.35118057595058927,negatif
ð,,,negatif,0.35118057595058927,negatif
sekarang 10 RB lebih,sekarang rb lebih,,netral,0.48123855759103445,netral
skrg udh 18rb,skrg rb,,negatif,0.35118057595058927,negatif
skrg 19rb,skrg rb,,negatif,0.35118057595058927,negatif
64rb,rb,,negatif,0.35118057595058927,negatif
74rb,rb,,negatif,0.35118057595058927,negatif
"106,7rb",rb,,negatif,0.35118057595058927,negatif
cushioonnya ada dibioku no 1ð¥°g,cushioonnya dibioku no,,negatif,0.35118057595058927,negatif
cushion nya di bioku no 1ð¥°oo,cushion nya bioku no oo,,netral,0.4476608746596102,netral
cushionnya ada dibio ku no 1ð¥°ð¥°gf,cushionnya dibio ku no gf,,netral,0.4828882208954732,netral
@Catatansenja ð¤£ð¤£ð¤£,catatansenja,,negatif,0.35118057595058927,negatif
ð­ð­ð­kak,kak,,netral,0.5837537285691411,netral
cushionnya ada dibio ku no 1ð¥°ð¥°m,cushionnya dibio ku no,,netral,0.4828882208954732,netral
ð,,,negatif,0.35118057595058927,negatif
aku yg ngajarin ka,ngajarin ka,,negatif,0.35118057595058927,negatif
cushion nya di bioku no 1ð¥°ð¥°a,cushion nya bioku no,,netral,0.4476608746596102,netral
Gak,,,negatif,0.35118057595058927,negatif
cushion nya di bioku no 1ð¥°s,cushion nya bioku no,,netral,0.4476608746596102,netral
yaa ampun mayiiuuuu ð»â¤,mayiiuuuu,,negatif,0.35118057595058927,negatif
adeeekkk ð¤­ð¤­ð,adeeekkk,,negatif,0.35118057595058927,negatif
kamrii,kamrii,,negatif,0.35118057595058927,negatif
poni nyað­,poni nya,,negatif,0.6861883818947039,negatif
mayii,mayii,,positif,0.5550110893011128,positif
poni nya mayi siapa yg potongin ð­ð­ð­,poni nya mayi siapa potongin,,negatif,0.6895803341446395,negatif
ð­â¤,,,negatif,0.35118057595058927,negatif
adekkð¥°ð¥°,adekk,,negatif,0.35118057595058927,negatif
poninyað­,poninya,,negatif,0.6403744313354045,negatif
mayiiiii...ð¤©,mayiiiii,,negatif,0.35118057595058927,negatif
Mayiiii,mayiiii,,negatif,0.35118057595058927,negatif
ð­ð­ð­ð­ð­ð­ð­ mayi,mayi,,positif,0.4552240493376556,positif
cushion nya di bioku no 1ð¥°f,cushion nya bioku no,,netral,0.4476608746596102,netral
cushion nya di bioku no 1ð¥°ð¥°srt,cushion nya bioku no srt,,netral,0.4476608746596102,netral
cushion nya di bioku no 1ð¥°ð¥°o,cushion nya bioku no,,netral,0.4476608746596102,netral
cushion nya di bioku no 1ð¥°ð¥°e,cushion nya bioku no,,netral,0.4476608746596102,netral
cushion nya di bioku no 1ð¥°w,cushion nya bioku no,,netral,0.4476608746596102,netral
emakk nyaa tuu,emakk nyaa tuu,,netral,0.5326687371591119,netral
mintaaaa???ð­ð­ð­ð­,mintaaaa,,negatif,0.35118057595058927,negatif
Jenið¤«ð¤«ð¤«ð¤«,jeni,,negatif,0.4938673924237047,negatif
mayyyiiiii ð¥°ðð,mayyyiiiii,,negatif,0.35118057595058927,negatif
ð¥°cu bangetð¥º,cu,,negatif,0.35118057595058927,negatif
poninyaððð,poninya,,negatif,0.6403744313354045,negatif
shadenya kaya kegelapan mamayi,shadenya kaya kegelapan mamayi,,negatif,0.35118057595058927,negatif
KO BISAð­ð¤ð»,ko bisa,,positif,0.3942540310912782,positif
poninyaað­ð­,poninyaa,,negatif,0.35118057595058927,negatif
Tutor ngambil hak asuh kamari,tutor ngambil hak asuh kamari,,positif,0.5371138411781269,positif
mayiii dengan poni crop top nyð­,mayiii poni crop top ny,,netral,0.6201223368358274,netral
mayi poni nyað­ð­,mayi poni nya,,negatif,0.5723623890872771,negatif
kamariððððð,kamari,,positif,0.5371138411781269,positif
ko bisa poni nya pendek banget kamari ð­,ko bisa poni nya pendek kamari,,negatif,0.5753695543324374,negatif
follback jen,follback jen,,negatif,0.5604986570512293,negatif
Plisss poninya kenapa gak panjangâð­ð­ð­ð­,plisss poninya kenapa panjang,,negatif,0.5037030456351949,negatif
Mayiiið¤ð¼,mayiii,,positif,0.5139318091581316,positif
itu adiknya ya bunn,adiknya bunn,,negatif,0.35118057595058927,negatif
cushion nya di bioku no 1ð¥°ð¥°m,cushion nya bioku no,,netral,0.4476608746596102,netral
mintaaa ð­ð¤ð»,mintaaa,,negatif,0.35118057595058927,negatif
cushion nya di bioku no 1ð¥°ð¥°x,cushion nya bioku no,,netral,0.4476608746596102,netral
,,,negatif,0.35118057595058927,negatif
cushion nya di bioku no 1ð¥°ð¥°v,cushion nya bioku no,,netral,0.4476608746596102,netral
cushion nya di bioku no 1ð¥°ð¥°y,cushion nya bioku no,,netral,0.4476608746596102,netral
"""mayi minta"" ð­",mayi minta,,negatif,0.4038404856224251,negatif
cushion nya di bioku no 1ð¥°ð¥°g,cushion nya bioku no,,netral,0.4476608746596102,netral
mayii ð¥º,mayii,,positif,0.5550110893011128,positif
cushion nya di bioku no 1ð¥°ð,cushion nya bioku no,,netral,0.4476608746596102,netral
Mayið¤,mayi,,positif,0.4552240493376556,positif
mintaaaðð¤£ð¤£,mintaaa,,negatif,0.35118057595058927,negatif
kapan ya poni croptopnya panjang?,kapan poni croptopnya panjang,,netral,0.47297210512965016,netral
dia pake cushion pake shade yg lebih gelapð­,pake cushion pake shade lebih gelap,,negatif,0.34977637889742474,negatif
cushionnya ada dibio ku no 1ð¥°ð¥°e,cushionnya dibio ku no,,netral,0.4828882208954732,netral
cushion nya di bioku no 1ð¥°ð¥°s,cushion nya bioku no,,netral,0.4476608746596102,netral
poni nya crop topð¥°,poni nya crop top,,negatif,0.4856255902132359,negatif
menit semua komen nya jier,menit semua komen nya jier,,negatif,0.624782173294016,negatif
MAYI : YAAAAHHHH MINTAAAA ð«´,mayi yaaaahhhh mintaaaa,,positif,0.4552240493376556,positif
Maiiii bisa,maiiii bisa,,positif,0.3942540310912782,positif
till jangan potongg lagi ponii mayiiið¤,till jangan potongg lagi ponii mayiii,,positif,0.4096575071358903,positif
haha,,,negatif,0.35118057595058927,negatif
aaaa so cutee ð­ð,aaaa so cutee,,negatif,0.35118057595058927,negatif
soon ky gni,soon ky gni,,negatif,0.35118057595058927,negatif
poninya sii blonde lama amat panjangnyað­,poninya sii blonde lama amat panjangnya,,negatif,0.5696030454212685,negatif
panjangin please poninya ð­ð­ð­,panjangin please poninya,,negatif,0.6403744313354045,negatif
mayi dan poni croptop nyaað¥°ð¥°,mayi poni croptop nyaa,,netral,0.5498736922081383,netral
till lu nnti klo poni kmri uda pnjng jgn lu lg yg potongð­ðð»,till lu nnti poni kmri pnjng jgn lu potong,,negatif,0.7452429666376754,negatif
jenn req lu ganti warna rambut jd blondee jugaaaa,jenn req lu ganti warna rambut blondee jugaaaa,,negatif,0.5244567136150051,negatif
si poni crop top itu lgiið¤ð»,si poni crop top lgii,,netral,0.6283090145674843,netral
mayiii ð¥°ð¥°ð¥°ð¥°ð¥°,mayiii,,positif,0.5139318091581316,positif
tau kn kalian yg mana MUA nyað­,tau kn kalian mana mua nya,,negatif,0.4247207979697823,negatif
yg potong poni nya mayi siapa si ? ðð,potong poni nya mayi siapa si,,negatif,0.7747934082946499,negatif
âmayi mintaâð¤ð»ð¤ð»ð¤ð»ð­ð­ð­,mayi minta,,negatif,0.4038404856224251,negatif
Mayiiiiið­,mayiiiii,,negatif,0.35118057595058927,negatif
haii,haii,,negatif,0.35118057595058927,negatif
âwahhh duhâ¦âð­,wahhh duh,,negatif,0.35118057595058927,negatif
haii mayi,haii mayi,,positif,0.4552240493376556,positif
"pasti shade lu berubah""kan til",pasti shade lu berubahkan til,,negatif,0.4512896830138353,negatif
first,first,,negatif,0.35118057595058927,negatif
cushion nya di bioku no 1ð¥°ð¥°q,cushion nya bioku no,,netral,0.4476608746596102,netral
,,,negatif,0.35118057595058927,negatif
mayiiii,mayiiii,,negatif,0.35118057595058927,negatif
knp kamari sekarang kerja jadi MUA ð©,knp kamari sekarang kerja mua,,positif,0.3527310774141286,positif
mayi ucul bgt sii aplgi poni croptopnya ð¥°,mayi ucul sii aplgi poni croptopnya,,netral,0.42675581315623384,netral
mama mayi semakin berisi semakin cantik ð¥°,mama mayi semakin berisi semakin cantik,,positif,0.6683566072425311,positif
beda shade mar beli yang 00 marr,beda shade mar marr,,positif,0.4350521304080679,positif
jen anj poni nya yallahð­,jen poni nya yallah,,negatif,0.7357349230251168,negatif
mayi gemesss ð¥°,mayi gemesss,,positif,0.6764370707596923,positif
@rehanaangelita: si blonde makin lucu aja sikð­ð­â¤ï¸â¤ï¸â¤ï¸â¤,rehanaangelita si blonde makin lucu sik,,positif,0.5961092238372449,positif
ga kerasa udah gedeee mayiiiiiððð,kerasa gedeee mayiiiii,,negatif,0.35118057595058927,negatif
"""otey,mayi minta""",oteymayi minta,,negatif,0.462467778778904,negatif
komennya pada menit semua jir ð­,komennya menit semua jir,,negatif,0.35118057595058927,negatif
cushion nya di bioku no 1ð¥°v,cushion nya bioku no,,netral,0.4476608746596102,netral
poni nyaað­ð­ð­,poni nyaa,,netral,0.5320598526699726,netral
mayiiiiiiiiið¥°,mayiiiiiiiii,,negatif,0.35118057595058927,negatif
"""mi pinta""ð­ ð¤",mi pinta,,negatif,0.35118057595058927,negatif
lucu bgt si mayi,lucu si mayi,,positif,0.6479273114693195,positif
Gemesnya oiii mayiiiið«ð¥°ð¥°ð¥°,gemesnya oiii mayiiii,,negatif,0.35118057595058927,negatif
poni lu marrrrrð­,poni lu marrrrr,,negatif,0.7075283962672416,negatif
ihh mayi udah gedeð¥¹ð¤,ihh mayi gede,,positif,0.4552240493376556,positif
gemess bangett mayiiið¥°ð¥°,gemess bangett mayiii,,positif,0.5611859128877899,positif
"""Mayi tantik"" ð«ð«",mayi tantik,,positif,0.4552240493376556,positif
mayikkk ko kmu lucu bgtttð­ð¹,mayikkk ko kmu lucu bgttt,,positif,0.6502239439858839,positif
mayii,mayii,,positif,0.5550110893011128,positif
"gemes bgt ""mayi minta""ð­",gemes mayi minta,,positif,0.47810057791988775,positif
dmnpun berada mayi sll nyanyiðriang sll kamu mayiðð¥°,dmnpun berada mayi sll nyanyiriang sll mayi,,positif,0.4552240493376556,positif
"""Mayi minta"" hhh mayi mayi cute bangetðð« ",mayi minta hhh mayi mayi cute,,positif,0.5200637580007413,positif
cushion nya di bioku no 1ð¥°q,cushion nya bioku no,,netral,0.4476608746596102,netral
âMayi cantik kan?â ð¥ºð¥ºð¥º,mayi cantik,,positif,0.769421956716592,positif
mayiii â¤,mayiii,,positif,0.5139318091581316,positif
Im here always for mayið¥°,im here always for mayi,,positif,0.4552240493376556,positif
"""mayi mauu"" lucuuu bgttt ð¥¹ð¤ð¤ð»",mayi mauu lucuuu bgttt,,positif,0.49751125644683414,positif
mayi lucukkk bangetð£ð,mayi lucukkk,,positif,0.4552240493376556,positif
kamari; aku cantik kanð,kamari cantik,,positif,0.7967475682892425,positif
"""yang mungkin anda kenal""",mungkin anda kenal,,netral,0.44900448727470904,netral
masih sunyið,masih sunyi,,netral,0.4041308715254131,netral
MAYIIIIð­ð¤ð»,mayiiii,,negatif,0.35118057595058927,negatif
iyaa nak mayi cantik kok,nak mayi cantik kok,,positif,0.5729640301627383,positif
lucu ni blondeð­â¤,lucu ni blonde,,positif,0.5545037409810954,positif
"kak ijin mau nanya itu cushionnya kok lebih gelap dari warna kulit kk ya??
ijin tanya ya kak",kak ijin mau nanya cushionnya kok lebih gelap warna kulit kk ijin tanya kak,,netral,0.575984244296312,netral
ko udah gede si dia ih,ko gede si ih,,netral,0.4309973236213007,netral
ih aku PERTAMA,ih pertama,,netral,0.5417065214856139,netral
"""okeyy mayii mintaa""ð",okeyy mayii mintaa,,positif,0.5550110893011128,positif
makin pinter aja mayiiið¥°,makin pinter mayiii,,positif,0.7791758674350058,positif
"âmayi cantik kan?â ah elaaahhh pke nnya sgla, cantik bngt lu yiii",mayi cantik ah elaaahhh pke nnya sgla cantik bngt lu yiii,,positif,0.7556965168174866,positif
"""mayi cantik kan"" ? yeess kamuu cantikkk bingit mayiii",mayi cantik yeess kamuu cantikkk bingit mayiii,,positif,0.7860637807375774,positif
"mayi lo udah cantik dan putih,ngk usah pake bedakð¤ð¥°",mayi lo cantik putihngk usah pake bedak,,positif,0.5355387256144132,positif
cushion nya di bioku no 1ð¥°ð¥°z,cushion nya bioku no,,netral,0.4476608746596102,netral
first ni mamayi,first ni mamayi,,negatif,0.35118057595058927,negatif
"""mayi minta"" ð¤ð¤",mayi minta,,negatif,0.4038404856224251,negatif
kayak ny nanti kamari jadi muaððð­,kayak ny nanti kamari mua,,positif,0.5371138411781269,positif
p,,,negatif,0.35118057595058927,negatif
bikinin Kamari vlog sendiri ð,bikinin kamari vlog sendiri,,positif,0.4572180504861435,positif
Jen minjem kamari mau ajak main sih ð,jen minjem kamari mau ajak main,,negatif,0.4930833481434672,negatif
pertama?,pertama,,negatif,0.35118057595058927,negatif
hay kamarið¥°ð¥°,hay kamari,,positif,0.5371138411781269,positif
mayiiiikð¤ð»,mayiiiik,,negatif,0.35118057595058927,negatif
lucu banget kamarið¤ð¤,lucu kamari,,positif,0.8140367200670979,positif
ððððKamari,kamari,,positif,0.5371138411781269,positif
till percumaa ngejelasin kitaa perhatian nyaa ke si pirangð,till percumaa ngejelasin kitaa perhatian nyaa si pirang,,netral,0.3840995073917415,netral
"""03 wehhh""",wehhh,,negatif,0.35118057595058927,negatif
kamari tuh jessivard versi sachet,kamari tuh jessivard versi sachet,,positif,0.5371138411781269,positif
plis poni nyaaðð­,plis poni nyaa,,netral,0.5320598526699726,netral
Gakuat mayiiiiðððð¤ð¤ð¤,gakuat mayiiii,,negatif,0.35118057595058927,negatif
bocil lucu.bingit,bocil lucubingit,,positif,0.36221383783548244,positif
mayið­ð­,mayi,,positif,0.4552240493376556,positif
lucu banget ð¤ð¤ kamari,lucu kamari,,positif,0.8140367200670979,positif
mayiiii gumushhh amatðð,mayiiii gumushhh amat,,negatif,0.35118057595058927,negatif
timephoria,timephoria,,negatif,0.3889305165694355,negatif
adikkk gorjessððð,adikkk gorjess,,negatif,0.35118057595058927,negatif
adek gemes banget sihhhð¥°,adek gemes sihhh,,positif,0.576852858483677,positif
cushionnya ada dibio ku no 1ð¥°ð¥°j,cushionnya dibio ku no,,netral,0.4828882208954732,netral
cushion nya di bioku no 1ð¥°ð¥°r,cushion nya bioku no,,netral,0.4476608746596102,netral
Pertama tip dapat kamari kanððð,pertama tip dapat kamari,,positif,0.5371138411781269,positif
mayi makin pinterr ajaa luuð­,mayi makin pinterr ajaa luu,,positif,0.6278854629155183,positif
lucu nya kamarið¥°,lucu nya kamari,,positif,0.6189622998993037,positif
aaa lucuu bgt mayiið¥°,aaa lucuu mayii,,positif,0.5794568777959321,positif
lucu banget mayi,lucu mayi,,positif,0.7825048827378934,positif
lucu bangeeeeeeeeeettt,lucu bangeeeeeeeeeettt,,positif,0.8009259485515989,positif
cntik,cntik,,negatif,0.35118057595058927,negatif
aku gabisa bahasa Inggris plissssð­ð­ð­ðððð,gabisa bahasa inggris plissss,,negatif,0.35118057595058927,negatif
lucu kamari,lucu kamari,,positif,0.8140367200670979,positif
masih dengan lagu cicak cicak di dinding nyað,masih lagu cicak cicak dinding nya,,negatif,0.49919932867247674,negatif
mayiii kamu lucu bangetð¥°ð¥°,mayiii lucu,,positif,0.7656505155370149,positif
suka bnget liat mayi ngomong ð¥°,suka bnget liat mayi ngomong,,positif,0.4984531692530381,positif
masih lucu banget si blonde,masih lucu si blonde,,positif,0.3806228030745624,positif
Salfok poni mayii,salfok poni mayii,,negatif,0.38959088685580057,negatif
ð¥°ð¥°ð¥°ð¥°ð¥°Mayi lucu pol,mayi lucu pol,,positif,0.7825048827378934,positif
"lucu bgt ""mayi minta"" wwkwkwkwkw",lucu mayi minta wwkwkwkwkw,,positif,0.6222277480670909,positif
kemayu e Masya Allah kamari,kemayu masya allah kamari,,positif,0.6114556492762067,positif
Kamari Be dest ðð»,kamari be dest,,positif,0.5371138411781269,positif
mayi poninya siapa yg potong,mayi poninya siapa potong,,negatif,0.7160419401589413,negatif
gemesss bgt mayiâ£,gemesss mayi,,positif,0.6764370707596923,positif
mayið¥°love u,mayilove,,negatif,0.35118057595058927,negatif
"""mayi minta"" ððð",mayi minta,,negatif,0.4038404856224251,negatif
plis poni nya siapa yqng potonginð­ð­,plis poni nya siapa yqng potongin,,negatif,0.7739040082445235,negatif
"""mayiii mintaa"" ð³",mayiii mintaa,,positif,0.5139318091581316,positif
Loveee iitt ð¤ð»ð¤ð»,loveee iitt,,negatif,0.35118057595058927,negatif
Hy gayssð¤£ð¤£ luccuu ð,hy gayss luccuu,,negatif,0.35118057595058927,negatif
"""mayi cantik kan? ð¥°ð¥°ð¥°""",mayi cantik,,positif,0.769421956716592,positif
"""mayi cantik kan""ð­",mayi cantik,,positif,0.769421956716592,positif
lucuu nya mayiiiiið,lucuu nya mayiiiii,,negatif,0.4459020603293905,negatif
"""mama minta"" ð¥¹",mama minta,,negatif,0.36655184023028176,negatif
Shade mu qm turunin ya jen?,shade mu qm turunin jen,,negatif,0.5604986570512293,negatif
till spill eyebrow nya,till spill eyebrow nya,,negatif,0.5195757709369151,negatif
"""pake bedak""ð¤ð»ð¤ð»",pake bedak,,negatif,0.5049226634104597,negatif
Suka cara Jen. Bagi Mayi cuba segala. Libatkan Mayi dalam segala urusan. Good job mama ð¥°,suka cara jen bagi mayi cuba segala libatkan mayi segala urusan good job mama,,positif,0.3781261890982232,positif
"gak bisa di like yað¤£
æ:.Ì·ÌÌÍÍÌÌÍÌÌ¼ÍÌÌÌÍÍÌ¹.Ì¶Ì½ÌÌÌÍÍÌ¨Ì£Ì¥ÌªÍ.Ì´Í ÍÍÌÍÌ­Ì Ì³ÌÌ±Ì¼ÍÌ.Ì¸Ì¿ÍÌÌÍÌÌÍÍÌÍÌÌ®ÍÌ±Ì ÍÌºÌºÌ»Ì¨Í.Ì¶ÌÌÌÌÌºÌ°Ì­Ì¼Ì¦ÍÌ»Ì±Ì£.Ì¸ÍÍÍÍÌÍÌÌ¼ÍÍÍÌ¢.Ì·ÍÌÌÍÌÌÌÍÌÌÍÌÌ°ÍÌ«ÍÍÌ¥Ì§Ì±Í.Ì¶ÌÍÌÍÍÍÍÌ¹ÌÍ.Ì·Í ÌÍÍÌÍÍÍÌ¯Ì¹Ì»Ì«ÍÍÌ©.Ì¶ÌÌÌÌÌ¡Ì¢.Ì´ÌÍÍÍÌ©ÌÍÌ°Ì­ÌÍÍÌÌº.Ì·ÌÌÌÍÍÍÍÍÌ®Ì¥Ì¤Ì Ì§Ì£ÍÌ.Ì·ÍÌÌ¿ÌÍÌÌÌÍÍ.ÌµÌÍÍÍÌÍÌÍÌ½ÌÍÌ­Ì®Ì¼ÌÍ.Ì¶Ì½ÍÌÌÍÍÌÍÍÌÍÌ§ÍÌ°Ì¼Ì©ÍÌºÌÌ³.Ì·ÍÌºÍÍÌ¹Ì¼Ì.Ì·ÌÍÍÍÌÌÍÍÍÌÍÌÌ .Ì¸ÍÌÌ©ÍÍÌ¯ÌªÍÌ¥.Ì¶ÍÍÌÌ©Ì«ÍÌÍÌ¬Ì§ÌÍÌ¨Í.ÌµÌÍÌ¿ÌÍÌÌÍÍÌÌ¹ÍÌÌ.ÌµÍÌÍÍÍÌÌ½ÍÌ¦Ì¯Ì¡ÍÌÌ.ÌµÌÌÍÌ Ì°.Ì¶ÌÌ¾ÍÍÌÍÌ¹Ì ÌÌ°ÌªÍÍÌ±ÌÍÌ.ÌµÌÌÍÌÌ°Ì§ÌÌ»ÍÌ¤ÌÍ.ÌµÌÍÌ½ÌªÍ.Ì¶ÍÌÌÌÍ ÍÌ«Ì­ÍÍ.Ì¸ÍÌ¾ÌÍÌÍÌÌÌÍÍÍÌ¼Ì©ÍÌ±Ì¡Ì°ÍÌ.Ì´ÌÌ¿ÌÍÍÍÌ¢ÍÌ¦.Ì¶ÍÍÌÍÍÍÌÌÌ¾ÌÍÌ¼ÍÌ£ÍÌ»ÍÌ²Í.Ì¸ÌÌÌÌÍÌÌÌ½ÌÌÌÌ±Ì¥Ì»Ì¨ÍÌ¦.Ì¶ÌÌÌÌÌÍÌÌÌ¤Ì ÌÌ¦ÌÍÌÌ°Ì¹Ì¨Ì¡Í.Ì·ÌÍÍÍÍÌÌÌÌ±ÍÌ»ÍÍÍÌ­Ì¡ÍÍ.Ì¶ÍÍÍÌÍÌÌÌÌÌÌÌÍÌ.Ì¸ÍÌÍÌ¥Ì¢Ì¯ÍÌ«ÍÌ­Í.Ì·ÍÌÌÍÌ¡ÌªÌ«Ì¡Ì Ì§Ì¡Ì¯ÌÍÌ«Ì¤.Ì·ÌÍÍÍÍÍ.Ì´ÍÍ.Ì´ÍÍÍÍÍÌÌÌÌ¢Ì¢Í.Ì·ÍÌ¾ÌÍÌÌÍÌÌÌ¦ÍÍÌ²Ì¼Ì­ÍÌ°ÍÌ.Ì¸ÌÌÌÍÍÌÌÍÌÌ¾ÌÌÌ¤Ì¢.ÌµÍÍÌÌ¨ÍÌ¼ÍÌ®.Ì´ÌÌÌÌÌ©ÍÍÌ¨ÌÍÌ±ÌÌ¹Ì¢Ì Ì.Ì¸ÌÍÍÍÌÍÌ«ÌºÌ¡ÌÍ.ÌµÌ¿ÍÍÍÌÍÍÌÌ­ÍÍÌ»ÍÍÍÌÌ.Ì´ÍÌÌÍÍÌ±ÍÌ¤Ì©ÍÍÌÌ­ÌÌ¨Ì¦.ÌµÌÍÌÌÌ¾ÍÍÍÌÍÌÌÌ°ÍÌ¬Ì«ÌÌ¤ÍÌ§Ì«Ì¥Ì±.Ì·ÍÌ½ÍÌÌ³ÍÍÌ²Ì­ÌºÍÍ.Ì¸ÌÍÌÌÌÌÌÌ½Í ÌÌÌÍÍÍÍÍÍÍÌ¢Ì¬Ì².ÌµÌÌ¥Ì¥ÍÍÌ§Ì»Ì¢Í.Ì´ÌÌÍÌÍÍÍÌÌÍÍÌÌÌÌ³.Ì´ÌÍÌ¯Í.Ì¶ÌÌÌÌÌÍÌÌÌÌÌ°ÌÌ«Ì¼ÍÌ²ÍÍÌ¼Í.ÌµÍÌÍÌ¾ÌÍÌ¢ÌÌÍÌ¹Ìª.ÌµÌÌÍÍÍ ÌÌÍÌÌ³ÍÌªÍÌ¦ÍÌ¯ÌÌ¼.ÌµÌÌÌ.Ì´ÌÍÌÌ­ÌÌ«ÍÌºÌ¼Ì§.Ì¸ÍÌÍÍ.Ì¶ÍÌÌÌ¨Ì»Ì¬Ì±Ì»Ì§Ì.Ì¸ÌÌÌÌÍÍÍÍÌ¾ÌÌ¢Ì¬Ì°Ì°ÍÍÍÌ.Ì´Í Ì»Ì³ÌÌ¦ÍÌ¦Ì¼Ì£Ì³ÌÌÌª.ÌµÍÍÍÍÌ¾ÌÌÍÌÌÌ°Ì¨Ì³Í.ÌµÍÌÍÌ¾ÌÌ½ÍÍÌ¯ÍÍÌ°Ì¡ÍÌ¬Ì°.Ì¸ÌÍÌÍ ÍÌÌÌÌÍÍÌ£Ì³Ì©Ì°Ì¢ÌÌ°Ì³Ì¼.Ì¶ÌÌÍÍÌÍÍÌÍÌÌ£ÍÌ ÍÍÌÌ¨Ì¯Ì¤Ì¤ÌÌ.ÌµÌÍÍÌ¾ÌÌÌÌÍÍÌÍÌ£Ì±Ì±Ì°.Ì¶ÌÍÌÌÍÍÍÍÌªÌ®Ì¨ÍÌ®Ì§Ì§ÌÌ.Ì´ÌÌ½Í ÌÌÌ.Ì¶ÍÌÌÍÌÌ¨ÍÍÌ¡ÍÌÌÌ£Ì«Ì¤.ÌµÌÌÍÌÌ°Ì¼.Ì¶ÌÍÌÍÍÍÌÌÌ¤ÌÌ ÌºÌÌ¢Í.Ì·ÌÌ½ÍÌ¹ÍÌÌºÌºÌ¥Ì±ÌÌ¡Ì.Ì¶ÍÍÌÍÍÌ¾ÌÍÌ¾ÌÍÍÍÌ²Ì±ÍÍÌ©Ì»Í.Ì·ÌÌÍÍÌÍÍ.Ì´Ì¾ÌÌÌÌ¿ÍÌÍÌÌÌÌÌÌ³.Ì´ÌÌ½ÌÌÍÍÌÌÌ²Ì¤Í.Ì·ÌÍÍÌÌ«Ì©ÍÍÌ¬Ì¬Ì²Ì¹.Ì·ÍÌÌÌ­ÍÌÌ¢Ì¬Ì¡Ì¡ÍÌÌ±Ì­Ì§.Ì¸ÌÌ¾ÌÍ ÍÌÌÍÍÌÌ¬Ì³ÍÍ.Ì¶ÌÍÌÍÌÍÌÍ.Ì·ÌÌÍÌÍÍ ÍÌÍÌÌÌ¹Í.Ì¶ÍÌÌÍÍÍÍÌÌÌÌÌÌ¨Ì©ÍÌªÌ ÌºÍÌ¬.Ì¸ÍÌ¾ÌÍÍÍÍÌÌÌÍÌ¤ÍÌÌ¬ÍÍÍÌ­Ì°ÌÌ.Ì¸ÍÍ.Ì·ÌÍÌ¿Ì¾ÌÍÌÍÍÍÌ²ÍÌÌ±ÍÌ§.ÌµÌÌÌÍ Ì¿ÌÌÌÍÌ©ÌºÌ¨Ì¬Ì ÍÌ£.Ì¸ÍÍÌÌÍÌÌÌÌ¾ÌÌÌÍÌ¦Ì».Ì´ÍÍÌÌ¦ÍÌ¹ÌÌ¦Ì¢Ì²Ì¡.Ì¸ÍÌÌÍÌÍÌÌÍÍÌ«ÍÍÌÌÌ.ÌµÍÍÌÌÌÍÌ¬Í.Ì´ÍÌÌÍ ÌÌÍÌÌÌ£ÍÌ¦ÍÌ¢ÍÌÍÌ.Ì´ÌÌÌÌÌÍÍÍÌÌÌ¹ÍÌÌ£Ì±.Ì¶ÍÌ®Ì¥ÍÌ¹Ì«Ì§Í.Ì·ÌÌÌÌÍÍÌÌÍÌ¡Ì¡ÍÌ.ÌµÌÌÌÌÍÌÌ.Ì¶ÌÍÌÍÍÌÍ.Ì¶ÍÌÌ¹Ì¹.Ì¸Í Ì¥Ì¡.Ì¸ÌÍÍÍÌ¡Ì«Ì¹Ì§.Ì·ÌÌÍÌÍ ÍÌÍÍÌÍÍÌ²ÍÍÌ¯Ì®ÍÌÍÌ³Í.Ì·ÌÌÌÌÌ¡ÌÌ³ÍÌ¯ÍÌ¼Ì¦ÌªÍÌ Ì£.Ì´ÍÌÍÌÌÍÌ¼.Ì¶ÌÌÍÍ ÍÌÍÌ½ÍÍÍÌ¼Í.Ì¶ÌÌÌÍÌ±ÍÍÌ Ìº.Ì¸ÌÌÌÌÌ¯Ì°ÍÌ¢Ì¡Ì§Ì.Ì´ÌÍÌÌÍÌÌÍÍÍÌ¬ÌÍ.Ì¶ÍÍÌÌÌÌ¿ÌÌÌ .ÌµÍÍÌÍÌÌ®.ÌµÌÌ½ÍÌ³.Ì´ÌÌÌÍÌÌÍÍÌÍÌÍ.ÌµÌÍÌÌÌ¾ÌÍÌÌÍÌÍÌ®ÌÌ¬ÍÌ»Ì¨.Ì´ÌÍÌÌÍ Ì»Ì¬ÌÌ¥ÌÌºÌ¥.Ì´ÍÌÍÍÍÌ.Ì·ÌÌÍÍÍÌÌÌ°ÍÍÍÍÌÌ¡Í.Ì¶ÍÌÌÌ³Ì¢ÍÍÌ¼ÍÌÍÌÌ¯Ì®Ì¦.Ì´ÌÌÌ¿ÍÍÍÌÌ¨Ì¯ÍÍÍÌ¨.Ì¶ÌÌÍÌÌÌÌÌÍÍÍÍ.Ì¸ÌÌÌÌÌÍÍÌÌÌÍÍÌ³Ì Ì§Ì£ÍÍÍÌ¦Ì®.Ì¶ÍÌÍÌ®Ì¥.Ì¶ÌÌÍÌÌº.Ì·ÍÌ.Ì´ÌÌÍ ÍÌÍÌÌÍÍÍÌªÌ¥Ì§ÍÌÌÍÌ Ì.Ì¸ÌÌÍÍÌ§ÍÍÌÌÌ³Ì²Ì¤Ì.Ì¸ÍÌÌÌÌÌ³Ì¹Ì©ÍÌÌ§Ì.Ì¶ÌÌÌÍÌ°Ì¯Ì¥ÍÌ°Í.Ì´ÌÍÌÍÍÌ©Ì.Ì´ÍÍÍ ÌÌÍÌÍÌÌ±ÌÌ±Ì¹Ì³ÍÌ®Í.Ì¶ÌÌ¥Ì§Ì¥Ì¢ÍÌ.Ì¶ÌÍÍÌ¹ÍÌºÌ°ÌÌÌ°ÍÌÌ±.Ì·ÍÌ¿Ì©ÍÌÍÌ«Ì±ÌÌ«ÌÌ¨.Ì¸ÍÌÍÍÌ½Í ÍÌÌÍÌÌ¹ÍÌ°ÌÌ²ÌÌ«.Ì¶ÍÌÍÌÍÌ.Ì¸ÌÌÍÌÍÍ ÌÌ¯Ì¥Ì¨Ì¯Ì³Ì¨Ì.Ì¶ÍÍ Ì²Ì.Ì´ÍÌÌÍÌ¿ÌÌÍÌ½ÍÌ«Ì¦.Ì¶ÌÌÍÌÌ ÍÍÍÌ®ÌºÍÌÌ«ÍÌ.ÌµÍÌÌÌ¼Ì¢ÍÍÌ»ÍÌ¹ÌÍÌ¯Ì¡.ÌµÍÌÌÌÌÌÍÍÌ¹ÌÌ¢Í.Ì¸ÌÌÌÍÌÍÌÍÍ ÌÍÌÍÌ­Ì¬Ì²ÍÌ¡ÌÌ­Ì©.Ì´ÌÍÍÌÍÍÌ»Ì¬Ì¥ÍÌ¦Í.Ì·ÌÍÌÍright.Ì´ÍÍÌÌÍÍÍÍÍÌ¢ÌÌ¦Ì¬.",bisa like right,,positif,0.3942540310912782,positif
mau pinjam mayi bole ga kað,mau pinjam mayi bole ka,,netral,0.4177525455773662,netral
doi poni miring aja cakeppp bgt yakð­ð­,doi poni miring cakeppp yak,,negatif,0.47614810486232706,negatif
'mayi mintaa' lucu bgtt adekkkkð­ð¥°,mayi mintaa lucu bgtt adekkkk,,positif,0.7899083494734472,positif
kapan buka cabang chewy's di lampung jenð«µ,kapan buka cabang chewys lampung jen,,negatif,0.5604986570512293,negatif
Love you kak jen dan mayið,love you kak jen mayi,,netral,0.4439007820855105,netral
marrrð­,marrr,,negatif,0.35118057595058927,negatif
Poni crop topð­,poni crop top,,netral,0.7199385653732306,netral
eh maaf ð­ð­ dri justin,maaf justin,,netral,0.6396711491717241,netral
BNTR LG KAMARI REBUT MEKAP MAMA NYAð­,bntr kamari rebut mekap mama nya,,negatif,0.3874807432637963,negatif
poni nya masih croptop ð­ð¤ð»,poni nya masih croptop,,negatif,0.6096633671295933,negatif
,,,negatif,0.35118057595058927,negatif
ð­ð¤ð»,,,negatif,0.35118057595058927,negatif
hi guyss,hi guyss,,negatif,0.35118057595058927,negatif
ð­,,,negatif,0.35118057595058927,negatif
masih ngakak ama Poni croptop,masih ngakak ama poni croptop,,netral,0.5002903290281412,netral
masih 14ð­,masih,,netral,0.4041308715254131,netral
mayii: oh mai got bagus banget alis gw,mayii oh mai got bagus alis gw,,positif,0.636116926721757,positif
ðð¤­,,,negatif,0.35118057595058927,negatif
Pertama bgt ini mayiiiið¥°,pertama mayiiii,,negatif,0.35118057595058927,negatif
sekarang udah berapa gais?,sekarang berapa,,netral,0.406322536244957,netral
kabarin klo sudah ribuan,kabarin ribuan,,negatif,0.35118057595058927,negatif
Allo kamari,allo kamari,,positif,0.5371138411781269,positif
sekarang brp,sekarang brp,,netral,0.406322536244957,netral
cakep til,cakep til,,positif,0.5618124150647461,positif
ð¥°ð¥°ð¥°,,,negatif,0.35118057595058927,negatif
ððð,,,negatif,0.35118057595058927,negatif
@wingsLoon,wingsloon,,negatif,0.35118057595058927,negatif
ð¥°ð¥°ð¥°,,,negatif,0.35118057595058927,negatif
ððð,,,negatif,0.35118057595058927,negatif
ððð,,,negatif,0.35118057595058927,negatif
ð¥°ð¥°ð¥°,,,negatif,0.35118057595058927,negatif
ð¢,,,negatif,0.35118057595058927,negatif
ððð,,,negatif,0.35118057595058927,negatif
ð,,,negatif,0.35118057595058927,negatif
ð,,,negatif,0.35118057595058927,negatif
ð,,,negatif,0.35118057595058927,negatif
ð,,,negatif,0.35118057595058927,negatif
ððð,,,negatif,0.35118057595058927,negatif
ð,,,negatif,0.35118057595058927,negatif
ð­,,,negatif,0.35118057595058927,negatif
ð­,,,negatif,0.35118057595058927,negatif
jennn kamu cntik baungetttttttt ð»ð»ð»ð»ð»,jennn cntik baungetttttttt,,netral,0.5141215251093868,netral
masyallah mayi,masyallah mayi,,positif,0.4552240493376556,positif
kamarið¥°ð¥°,kamari,,positif,0.5371138411781269,positif
mayiiiiâ¤,mayiiii,,negatif,0.35118057595058927,negatif
Lah lama-lama mirip indahkus ð,lamalama mirip indahkus,,negatif,0.35118057595058927,negatif
masih sepii guys,masih sepii,,netral,0.4041308715254131,netral
centill bangett adekkkkk,centill bangett adekkkkk,,positif,0.46670729923417853,positif
cepet banget gedenyað­,cepet gedenya,,negatif,0.35118057595058927,negatif
dia putih tapi bedakannya malah suka yg coklat tanskin,putih tapi bedakannya malah suka coklat tanskin,,negatif,0.36002248903581574,negatif
jen pinjem mayi 1 bulan ajað«´,jen pinjem mayi bulan,,negatif,0.3926576938490194,negatif
kyuttt bgt kamayi,kyuttt kamayi,,negatif,0.35118057595058927,negatif
saingan bedak sejak kecil . sama mayið,saingan bedak sejak kecil sama mayi,,netral,0.4463393173860939,netral
kepencet ya,kepencet,,negatif,0.35118057595058927,negatif
ihh smpk sni kamuuð,ihh smpk sni kamuu,,negatif,0.35118057595058927,negatif
ð­ð­ð­ð­,,,negatif,0.35118057595058927,negatif
*mayi cantikkan*?,mayi cantikkan,,positif,0.4552240493376556,positif
lucu poninya crop bngtð­,lucu poninya crop bngt,,positif,0.44426909354113076,positif
mayi mintað¤ð»ð»ð»ð»ð»,mayi minta,,negatif,0.4038404856224251,negatif
ponimu ngga nahan marð­,ponimu nahan mar,,negatif,0.35118057595058927,negatif
Mayi jagan besar dluð­ tetap bayi aja,mayi jagan besar dlu tetap bayi,,netral,0.41359418657499236,netral
bayyikkk lucu banget ðð¥°,bayyikkk lucu,,positif,0.8009259485515989,positif
halooo kamariiið¥°,halooo kamariii,,positif,0.4433797055686819,positif
mayiiii acuuuu,mayiiii acuuuu,,negatif,0.35118057595058927,negatif
girls,girls,,negatif,0.35118057595058927,negatif
udh gede aja mayi bsk lgsg wisuda aja ya,gede mayi bsk lgsg wisuda,,positif,0.4552240493376556,positif
"""mayi mintak""",mayi mintak,,positif,0.4552240493376556,positif
âmayi mintakâ wkwkwkkw,mayi mintak wkwkwkkw,,positif,0.4552240493376556,positif
mayi udh siap jadi MUA di belanda,mayi siap mua belanda,,positif,0.4371418439467746,positif
Kenapa sihhh lucu bangettðð,kenapa sihhh lucu bangett,,positif,0.6508723921788762,positif
"""mayi cantik"" cantik bgt kmu mah mayiiii ðð¥°",mayi cantik cantik kmu mah mayiiii,,positif,0.7777771790598288,positif
MAYIIIð­,mayiii,,positif,0.5139318091581316,positif
Gemes bgtt,gemes bgtt,,positif,0.5803631204026636,positif
"kulit lo kok bisa ya nge blan sempurna gtu til, bagus bngt sehat, orng"" mau putih lo mau sawo matangð­",kulit lo kok bisa nge blan sempurna gtu til bagus bngt sehat orng mau putih lo mau sawo matang,,negatif,0.35698907249998957,negatif
gemeeezð¥°ð¥°,gemeeez,,negatif,0.35118057595058927,negatif
Lucuuuuk bgt adekkkk,lucuuuuk adekkkk,,negatif,0.35118057595058927,negatif
kamayiiii lucuuuu,kamayiiii lucuuuu,,negatif,0.35118057595058927,negatif
Siapa yang potong poninya ð­,siapa potong poninya,,negatif,0.7975786295116283,negatif
comel kaliiâ¤â¤,comel kalii,,negatif,0.35118057595058927,negatif
mayi dan mamayi siap bersaing dapetin jusað­,mayi mamayi siap bersaing dapetin jusa,,positif,0.4552240493376556,positif
ayo sebelum Ribuan ðð»â¨,ayo sebelum ribuan,,negatif,0.35118057595058927,negatif
p,,,negatif,0.35118057595058927,negatif
kamari bayi online ku.. ð¥°,kamari bayi online ku,,positif,0.5371138411781269,positif
sering buat konten gini bareng mayi dong ka jen ððð«µð»,sering buat konten gini bareng mayi ka jen,,positif,0.4281194381350189,positif
lucu banget plissssð¤ð»ð¤ð»,lucu plissss,,positif,0.8009259485515989,positif
pertama,pertama,,negatif,0.35118057595058927,negatif
baru aku perasan muka mayi mirip muka Jen,baru perasan muka mayi mirip muka jen,,negatif,0.4908611795372485,negatif
hayy,hayy,,negatif,0.35118057595058927,negatif
eh mayi kok ude gede aje lauð,mayi kok ude gede aje lau,,netral,0.5109857182310102,netral
cushion nya merk apa ya?,cushion nya merk apa,,netral,0.5474135636160918,netral
Kembalikan mayi yang dulu nggað«µ,kembalikan mayi dulu,,netral,0.5109856916666444,netral
auuuu makin lucuâ¤ð¥°,auuuu makin lucu,,positif,0.8486482098691707,positif
ð¹,,,negatif,0.35118057595058927,negatif
ð¥°,,,negatif,0.35118057595058927,negatif
ð¥°,,,negatif,0.35118057595058927,negatif
ððð,,,negatif,0.35118057595058927,negatif
ð,,,negatif,0.35118057595058927,negatif
ðªðªðª,,,negatif,0.35118057595058927,negatif
ð,,,negatif,0.35118057595058927,negatif
ð¤©,,,negatif,0.35118057595058927,negatif
ð,,,negatif,0.35118057595058927,negatif
ð³,,,negatif,0.35118057595058927,negatif
ð,,,negatif,0.35118057595058927,negatif
ð,,,negatif,0.35118057595058927,negatif
ð,,,negatif,0.35118057595058927,negatif
ð¥°,,,negatif,0.35118057595058927,negatif
ð,,,negatif,0.35118057595058927,negatif
ð¤©,,,negatif,0.35118057595058927,negatif
ð,,,negatif,0.35118057595058927,negatif
ð¥°,,,negatif,0.35118057595058927,negatif
ð­,,,negatif,0.35118057595058927,negatif
ð,,,negatif,0.35118057595058927,negatif
ð,,,negatif,0.35118057595058927,negatif
ð¥°,,,negatif,0.35118057595058927,negatif
ð,,,negatif,0.35118057595058927,negatif
ð,,,negatif,0.35118057595058927,negatif
ð,,,negatif,0.35118057595058927,negatif
ð­,,,negatif,0.35118057595058927,negatif
ð,,,negatif,0.35118057595058927,negatif
â¤,,,negatif,0.35118057595058927,negatif
ð¥°ð¥°ð¥°,,,negatif,0.35118057595058927,negatif
ð³,,,negatif,0.35118057595058927,negatif
Tadi malam mimpi berenang smaa mayið­,tadi malam mimpi berenang smaa mayi,,netral,0.6423403972463881,netral
ð¥°,,,negatif,0.35118057595058927,negatif
ð,,,negatif,0.35118057595058927,negatif
mamanyi mirip Lisa blackpink,mamanyi mirip lisa blackpink,,negatif,0.35118057595058927,negatif
ð¤­,,,negatif,0.35118057595058927,negatif
ð,,,negatif,0.35118057595058927,negatif
ð,,,negatif,0.35118057595058927,negatif
ð,,,negatif,0.35118057595058927,negatif
ð,,,negatif,0.35118057595058927,negatif
ð¤­,,,negatif,0.35118057595058927,negatif
ð­,,,negatif,0.35118057595058927,negatif
ð¥°,,,negatif,0.35118057595058927,negatif
mayiiiii micuuuu,mayiiiii micuuuu,,negatif,0.35118057595058927,negatif
ð,,,negatif,0.35118057595058927,negatif
ð­,,,negatif,0.35118057595058927,negatif
dia nyanyi lagu apa till,nyanyi lagu apa till,,netral,0.46138974628459,netral
poni crop top nya lama bgt tumbuhnya til ð­ð¤£,poni crop top nya lama tumbuhnya til,,netral,0.4368479522528946,netral
skrng berpaa,skrng berpaa,,negatif,0.35118057595058927,negatif
Putih juga lu til,putih lu til,,negatif,0.5285226477887275,negatif
mayi cantik nggað¥¹ð¥¹,mayi cantik,,positif,0.769421956716592,positif
centilnya blondee,centilnya blondee,,negatif,0.35118057595058927,negatif
mayiii poni nya crop topð¤ð»,mayiii poni nya crop top,,negatif,0.42826579255561925,negatif
MUAnya masih pake pempresð,muanya masih pake pempres,,negatif,0.441299262122961,negatif
Mamari cakep bgttð­ð­,mamari cakep bgtt,,positif,0.6172379040491914,positif
lucuuuuuuu bangettttt adik gwwwwwð¤­ðððð,lucuuuuuuu bangettttt adik,,negatif,0.35118057595058927,negatif
poni mayi bergelombang ð­,poni mayi bergelombang,,netral,0.42675581315623384,netral
gemessâºâº banget ð¥°ð¥°,gemess,,negatif,0.35118057595058927,negatif
"mayi sayang,ciapa cih yg potong poninya? pendek cekalii poninya tp mayi ttp lucu kok âº",mayi sayangciapa cih potong poninya pendek cekalii poninya mayi ttp lucu kok,,negatif,0.4527997508770198,negatif
ih mayo udh gde?ð­ð­,ih mayo gde,,netral,0.5417065214856139,netral
beneran timephoria sebagus ituu pls!! ð¤©,beneran timephoria sebagus ituu,,negatif,0.3889305165694355,negatif
"lucuu bangett""mayii mintakk""",lucuu bangettmayii mintakk,,positif,0.4593291960246585,positif
lucu bgt sehat terus ya mamari,lucu sehat terus mamari,,positif,0.6872232916807489,positif
lucu amay mayiiiiii,lucu amay mayiiiiii,,positif,0.8009259485515989,positif
cushion nya di bioku no 1ð¥°u,cushion nya bioku no,,netral,0.4476608746596102,netral
ð,,,negatif,0.35118057595058927,negatif
ð­,,,negatif,0.35118057595058927,negatif
ð¥°,,,negatif,0.35118057595058927,negatif
ððð,,,negatif,0.35118057595058927,negatif
ð,,,negatif,0.35118057595058927,negatif
ð¤­,,,negatif,0.35118057595058927,negatif
ð¥°,,,negatif,0.35118057595058927,negatif
ð,,,negatif,0.35118057595058927,negatif
adekk gemesh banettð­ð¤,adekk gemesh banett,,negatif,0.35118057595058927,negatif
mayi per kilo berapasaihhh mau CO ð­,mayi per kilo berapasaihhh mau co,,netral,0.4177525455773662,netral
"udah kan jen,mayi?skrg mana cowo tinggi besar pemain bola ituð«´ð»",jenmayiskrg mana cowo tinggi besar pemain bola,,netral,0.41450199113064984,netral
ð³ð³ð³,,,negatif,0.35118057595058927,negatif
ð¥°,,,negatif,0.35118057595058927,negatif
ð,,,negatif,0.35118057595058927,negatif
â¤,,,negatif,0.35118057595058927,negatif
ð³,,,negatif,0.35118057595058927,negatif
ð,,,negatif,0.35118057595058927,negatif
mayi mitakð­,mayi mitak,,positif,0.4552240493376556,positif
ð,,,negatif,0.35118057595058927,negatif
ð,,,negatif,0.35118057595058927,negatif
Itu kapn sih poninya mari panjang ð­,kapn poninya mari panjang,,negatif,0.48583854908019247,negatif
ð,,,negatif,0.35118057595058927,negatif
ð,,,negatif,0.35118057595058927,negatif
âº,,,negatif,0.35118057595058927,negatif
ððð,,,negatif,0.35118057595058927,negatif
ð,,,negatif,0.35118057595058927,negatif
ð,,,negatif,0.35118057595058927,negatif
ððð,,,negatif,0.35118057595058927,negatif
ð,,,negatif,0.35118057595058927,negatif
ð¤­,,,negatif,0.35118057595058927,negatif
ð¥°,,,negatif,0.35118057595058927,negatif
ððð,,,negatif,0.35118057595058927,negatif
ð,,,negatif,0.35118057595058927,negatif
ð,,,negatif,0.35118057595058927,negatif
ð,,,negatif,0.35118057595058927,negatif
âº,,,negatif,0.35118057595058927,negatif
ð¥°,,,negatif,0.35118057595058927,negatif
ð­,,,negatif,0.35118057595058927,negatif
kamari pake Ciput merek apa ðð»,kamari pake ciput merek apa,,netral,0.36089969871438893,netral
lebih cakep anknya dri pada di sebelahnya,lebih cakep anknya sebelahnya,,positif,0.4720911423398273,positif
itu poni croptop kapan panjangnya deh til,poni croptop kapan panjangnya til,,negatif,0.4790939540529705,negatif
poni nya k tinggian ga si ððð,poni nya tinggian si,,negatif,0.7132911309258061,negatif
ð¥,,,negatif,0.35118057595058927,negatif
"""okey mau minta"" gemmas bgttð­ð­",mau minta gemmas bgtt,,negatif,0.42161667617815024,negatif
Poninya ihð­,poninya ih,,negatif,0.4120556931726769,negatif
ððððð,,,negatif,0.35118057595058927,negatif
ð³,,,negatif,0.35118057595058927,negatif
ð,,,negatif,0.35118057595058927,negatif
aw mayið,aw mayi,,positif,0.4552240493376556,positif
â¤,,,negatif,0.35118057595058927,negatif
ð¥°,,,negatif,0.35118057595058927,negatif
ð,,,negatif,0.35118057595058927,negatif
ððð,,,negatif,0.35118057595058927,negatif
ð,,,negatif,0.35118057595058927,negatif
mama kamari pilih club apa madrid or barca,mama kamari pilih club apa madrid or barca,,netral,0.5640238922496527,netral
ð¥°ð¥°ð¥°ð¥°,,,negatif,0.35118057595058927,negatif
ð¥°ð¥°ð¥°,,,negatif,0.35118057595058927,negatif
"pinter banget , MashaAllah mayiiiið¥º",pinter mashaallah mayiiii,,positif,0.6319384345641712,positif
ð,,,negatif,0.35118057595058927,negatif
ð¤£,,,negatif,0.35118057595058927,negatif
ð¥°,,,negatif,0.35118057595058927,negatif
ð¥°ð¥°ð¥°,,,negatif,0.35118057595058927,negatif
ð¥°ð¥°ð¥°,,,negatif,0.35118057595058927,negatif
ð¤­,,,negatif,0.35118057595058927,negatif
ð,,,negatif,0.35118057595058927,negatif
ð,,,negatif,0.35118057595058927,negatif
ð,,,negatif,0.35118057595058927,negatif
ð­,,,negatif,0.35118057595058927,negatif
ððð,,,negatif,0.35118057595058927,negatif
ð¬,,,negatif,0.35118057595058927,negatif
Err:520,,,negatif,0.35118057595058927,negatif
ð,,,negatif,0.35118057595058927,negatif
ð,,,negatif,0.35118057595058927,negatif
ð,,,negatif,0.35118057595058927,negatif
ð,,,negatif,0.35118057595058927,negatif
ð,,,negatif,0.35118057595058927,negatif
ð¥°,,,negatif,0.35118057595058927,negatif
ð¥°,,,negatif,0.35118057595058927,negatif
ð«,,,negatif,0.35118057595058927,negatif
ððð,,,negatif,0.35118057595058927,negatif
â¤ï¸â¤ï¸â¤,,,negatif,0.35118057595058927,negatif
â¤â¤â¤,,,negatif,0.35118057595058927,negatif
ð¤­ð¤­ð¤­,,,negatif,0.35118057595058927,negatif
"tibaa"" bgttt nyanyiiið­
lucuuuu bgttttt mayiiiiiiið¤ð¼ð§ð¼",tibaa bgttt nyanyiii lucuuuu bgttttt mayiiiiiii,,positif,0.4402465817963556,positif
ð¥°,,,negatif,0.35118057595058927,negatif
ð¥°,,,negatif,0.35118057595058927,negatif
ð¥º,,,negatif,0.35118057595058927,negatif
ð,,,negatif,0.35118057595058927,negatif
ð,,,negatif,0.35118057595058927,negatif
ð¥°,,,negatif,0.35118057595058927,negatif
â¤ï¸â¤ï¸â¤,,,negatif,0.35118057595058927,negatif
ð,,,negatif,0.35118057595058927,negatif
ð­,,,negatif,0.35118057595058927,negatif
ðð»ðð»ðð»,,,negatif,0.35118057595058927,negatif
ð¥°,,,negatif,0.35118057595058927,negatif
ð,,,negatif,0.35118057595058927,negatif
MasyaAllahð¥°,masyaallah,,negatif,0.35118057595058927,negatif
ð,,,negatif,0.35118057595058927,negatif
ð©,,,negatif,0.35118057595058927,negatif
ð¥°,,,negatif,0.35118057595058927,negatif
ð,,,negatif,0.35118057595058927,negatif
ð­ð­ð­,,,negatif,0.35118057595058927,negatif
bayii makin lucu dahð­ðð,bayii makin lucu dah,,positif,0.6903946702478823,positif
hahaa imutt bangett blondeeeð¤­,hahaa imutt bangett blondeee,,positif,0.46670729923417853,positif
Emeshhhhâ¤,emeshhhh,,negatif,0.35118057595058927,negatif
mayiii gemeees iihð¥°ð¥°,mayiii gemeees iih,,positif,0.5139318091581316,positif
Aduh gemes mayiiiðð¥°,aduh gemes mayiii,,positif,0.5731016764097374,positif
"""mayi cntik kan"" ihhh cuuuu bgttt adekkkkð¤ð¥°",mayi cntik ihhh cuuuu bgttt adekkkk,,positif,0.49751125644683414,positif
"""mayi cantik kan"" duuuh Dee kamu gemes bangeet makin pinterð¥°",mayi cantik duuuh dee gemes bangeet makin pinter,,positif,0.877232828750809,positif
mayi poni croptop ð³,mayi poni croptop,,netral,0.42675581315623384,netral
"""Mayiii Mintakk"" Gemassssss bgtttt sehhhh mayiii",mayiii mintakk gemassssss bgtttt sehhhh mayiii,,positif,0.5139318091581316,positif
mayi ð­ð­ð­,mayi,,positif,0.4552240493376556,positif
Mayi dengan poni croptop nya ð,mayi poni croptop nya,,negatif,0.4918392010278154,negatif
Maayiiiiið¥°ð¥°ð¥°,maayiiiii,,negatif,0.35118057595058927,negatif
kapan poni crop mayi numbuh ya?? ð,kapan poni crop mayi numbuh,,netral,0.7130012027596729,netral
Adekkkk ð­ð udah pada gede ajaaaa,adekkkk gede ajaaaa,,negatif,0.35118057595058927,negatif
âHai gaysâ,hai gays,,negatif,0.35118057595058927,negatif
poni nyð­,poni ny,,negatif,0.47614810486232706,negatif
ð­,,,negatif,0.35118057595058927,negatif
ð,,,negatif,0.35118057595058927,negatif
ð¥°,,,negatif,0.35118057595058927,negatif
ð,,,negatif,0.35118057595058927,negatif
ð¥°,,,negatif,0.35118057595058927,negatif
ð,,,negatif,0.35118057595058927,negatif
ð¥°,,,negatif,0.35118057595058927,negatif
ð¥°,,,negatif,0.35118057595058927,negatif
ð­,,,negatif,0.35118057595058927,negatif
ð,,,negatif,0.35118057595058927,negatif
â¤,,,negatif,0.35118057595058927,negatif
kamati udah tau putih masih aja pake bedak,kamati tau putih masih pake bedak,,negatif,0.4059521001839614,negatif
ð¥ð¥ð¥,,,negatif,0.35118057595058927,negatif
yang motong poniii sapaaa siii ð­ð­ð¤£mereng tapi lucukkkkkkkkkkkk,motong poniii sapaaa siii mereng tapi lucukkkkkkkkkkkk,,negatif,0.4936426729347996,negatif
ð¥°,,,negatif,0.35118057595058927,negatif
ð,,,negatif,0.35118057595058927,negatif
ð,,,negatif,0.35118057595058927,negatif
ð,,,negatif,0.35118057595058927,negatif
ð¤£ð¤£ð¤£,,,negatif,0.35118057595058927,negatif
ð,,,negatif,0.35118057595058927,negatif
ð,,,negatif,0.35118057595058927,negatif
ð,,,negatif,0.35118057595058927,negatif
ð,,,negatif,0.35118057595058927,negatif
ð¤£ð¤£ð¤£,,,negatif,0.35118057595058927,negatif
ð¥°,,,negatif,0.35118057595058927,negatif
mayi:day 1 mua,mayiday mua,,negatif,0.35118057595058927,negatif
â¨,,,negatif,0.35118057595058927,negatif
â¤,,,negatif,0.35118057595058927,negatif
ð,,,negatif,0.35118057595058927,negatif
lucu bgtð­â¤,lucu,,positif,0.8009259485515989,positif
ð­,,,negatif,0.35118057595058927,negatif
ð,,,negatif,0.35118057595058927,negatif
bare face nya cantik bgt mamari ð¥°,bare face nya cantik mamari,,positif,0.4897799681108769,positif
mayi ko udah gede sikkð¤ð»ð¤ð»ð­ udah bisa mikap lucuuuð¤ð»ð¤ð»ðð,mayi ko gede sikk bisa mikap lucuuu,,positif,0.4660740438904361,positif
